datetime,state,store_id,category,sku,sales
2010-01-01,CO,CO_0,FOOD,FOOD_0,328802
2010-02-01,CO,CO_0,FOOD,FOOD_0,299204
2010-03-01,CO,CO_0,FOOD,FOOD_0,337910
2010-04-01,CO,CO_0,FOOD,FOOD_0,358803
2010-05-01,CO,CO_0,FOOD,FOOD_0,358700
2010-06-01,CO,CO_0,FOOD,FOOD_0,348111
2010-07-01,CO,CO_0,FOOD,FOOD_0,369320
2010-08-01,CO,CO_0,FOOD,FOOD_0,336019
2010-09-01,CO,CO_0,FOOD,FOOD_0,344422
2010-10-01,CO,CO_0,FOOD,FOOD_0,349749
2010-11-01,CO,CO_0,FOOD,FOOD_0,373507
2010-12-01,CO,CO_0,FOOD,FOOD_0,424142
2011-01-01,CO,CO_0,FOOD,FOOD_0,340742
2011-02-01,CO,CO_0,FOOD,FOOD_0,335511
2011-03-01,CO,CO_0,FOOD,FOOD_0,402977
2011-04-01,CO,CO_0,FOOD,FOOD_0,411247
2011-05-01,CO,CO_0,FOOD,FOOD_0,357969
2011-06-01,CO,CO_0,FOOD,FOOD_0,372020
2011-07-01,CO,CO_0,FOOD,FOOD_0,381545
2011-08-01,CO,CO_0,FOOD,FOOD_0,396438
2011-09-01,CO,CO_0,FOOD,FOOD_0,352125
2011-10-01,CO,CO_0,FOOD,FOOD_0,377882
2011-11-01,CO,CO_0,FOOD,FOOD_0,386728
2011-12-01,CO,CO_0,FOOD,FOOD_0,461655
2012-01-01,CO,CO_0,FOOD,FOOD_0,345347
2012-02-01,CO,CO_0,FOOD,FOOD_0,343648
2012-03-01,CO,CO_0,FOOD,FOOD_0,416317
2012-04-01,CO,CO_0,FOOD,FOOD_0,412721
2012-05-01,CO,CO_0,FOOD,FOOD_0,426030
2012-06-01,CO,CO_0,FOOD,FOOD_0,411505
2012-07-01,CO,CO_0,FOOD,FOOD_0,409450
2012-08-01,CO,CO_0,FOOD,FOOD_0,380792
2012-09-01,CO,CO_0,FOOD,FOOD_0,392688
2012-10-01,CO,CO_0,FOOD,FOOD_0,375950
2012-11-01,CO,CO_0,FOOD,FOOD_0,390934
2012-12-01,CO,CO_0,FOOD,FOOD_0,457697
2013-01-01,CO,CO_0,FOOD,FOOD_0,347129
2013-02-01,CO,CO_0,FOOD,FOOD_0,346942
2013-03-01,CO,CO_0,FOOD,FOOD_0,423016
2013-04-01,CO,CO_0,FOOD,FOOD_0,436867
2013-05-01,CO,CO_0,FOOD,FOOD_0,474442
2013-06-01,CO,CO_0,FOOD,FOOD_0,446487
2013-07-01,CO,CO_0,FOOD,FOOD_0,446106
2013-08-01,CO,CO_0,FOOD,FOOD_0,441282
2013-09-01,CO,CO_0,FOOD,FOOD_0,426813
2013-10-01,CO,CO_0,FOOD,FOOD_0,406352
2013-11-01,CO,CO_0,FOOD,FOOD_0,424218
2013-12-01,CO,CO_0,FOOD,FOOD_0,502970
2014-01-01,CO,CO_0,FOOD,FOOD_0,413444
2014-02-01,CO,CO_0,FOOD,FOOD_0,376520
2014-03-01,CO,CO_0,FOOD,FOOD_0,410192
2014-04-01,CO,CO_0,FOOD,FOOD_0,427067
2014-05-01,CO,CO_0,FOOD,FOOD_0,438856
2014-06-01,CO,CO_0,FOOD,FOOD_0,441023
2014-07-01,CO,CO_0,FOOD,FOOD_0,437441
2014-08-01,CO,CO_0,FOOD,FOOD_0,423454
2014-09-01,CO,CO_0,FOOD,FOOD_0,422812
2014-10-01,CO,CO_0,FOOD,FOOD_0,451365
2014-11-01,CO,CO_0,FOOD,FOOD_0,407663
2014-12-01,CO,CO_0,FOOD,FOOD_0,485630
2015-01-01,CO,CO_0,FOOD,FOOD_0,414064
2015-02-01,CO,CO_0,FOOD,FOOD_0,392894
2015-03-01,CO,CO_0,FOOD,FOOD_0,431094
2015-04-01,CO,CO_0,FOOD,FOOD_0,448773
2015-05-01,CO,CO_0,FOOD,FOOD_0,470651
2015-06-01,CO,CO_0,FOOD,FOOD_0,428715
2015-07-01,CO,CO_0,FOOD,FOOD_0,466830
2015-08-01,CO,CO_0,FOOD,FOOD_0,433288
2015-09-01,CO,CO_0,FOOD,FOOD_0,429805
2015-10-01,CO,CO_0,FOOD,FOOD_0,427465
2015-11-01,CO,CO_0,FOOD,FOOD_0,447833
2015-12-01,CO,CO_0,FOOD,FOOD_0,521613
2016-01-01,CO,CO_0,FOOD,FOOD_0,437778
2016-02-01,CO,CO_0,FOOD,FOOD_0,404886
2016-03-01,CO,CO_0,FOOD,FOOD_0,473296
2016-04-01,CO,CO_0,FOOD,FOOD_0,427407
2016-05-01,CO,CO_0,FOOD,FOOD_0,461319
2010-01-01,TX,TX_0,FOOD,FOOD_0,308540
2010-02-01,TX,TX_0,FOOD,FOOD_0,307168
2010-03-01,TX,TX_0,FOOD,FOOD_0,330909
2010-04-01,TX,TX_0,FOOD,FOOD_0,351972
2010-05-01,TX,TX_0,FOOD,FOOD_0,367304
2010-06-01,TX,TX_0,FOOD,FOOD_0,335247
2010-07-01,TX,TX_0,FOOD,FOOD_0,336774
2010-08-01,TX,TX_0,FOOD,FOOD_0,362795
2010-09-01,TX,TX_0,FOOD,FOOD_0,334788
2010-10-01,TX,TX_0,FOOD,FOOD_0,363920
2010-11-01,TX,TX_0,FOOD,FOOD_0,342691
2010-12-01,TX,TX_0,FOOD,FOOD_0,402180
2011-01-01,TX,TX_0,FOOD,FOOD_0,336957
2011-02-01,TX,TX_0,FOOD,FOOD_0,327590
2011-03-01,TX,TX_0,FOOD,FOOD_0,368645
2011-04-01,TX,TX_0,FOOD,FOOD_0,406233
2011-05-01,TX,TX_0,FOOD,FOOD_0,392731
2011-06-01,TX,TX_0,FOOD,FOOD_0,394075
2011-07-01,TX,TX_0,FOOD,FOOD_0,343517
2011-08-01,TX,TX_0,FOOD,FOOD_0,388023
2011-09-01,TX,TX_0,FOOD,FOOD_0,392008
2011-10-01,TX,TX_0,FOOD,FOOD_0,352710
2011-11-01,TX,TX_0,FOOD,FOOD_0,387182
2011-12-01,TX,TX_0,FOOD,FOOD_0,432157
2012-01-01,TX,TX_0,FOOD,FOOD_0,322493
2012-02-01,TX,TX_0,FOOD,FOOD_0,356060
2012-03-01,TX,TX_0,FOOD,FOOD_0,413373
2012-04-01,TX,TX_0,FOOD,FOOD_0,412200
2012-05-01,TX,TX_0,FOOD,FOOD_0,427667
2012-06-01,TX,TX_0,FOOD,FOOD_0,422662
2012-07-01,TX,TX_0,FOOD,FOOD_0,380560
2012-08-01,TX,TX_0,FOOD,FOOD_0,422830
2012-09-01,TX,TX_0,FOOD,FOOD_0,360069
2012-10-01,TX,TX_0,FOOD,FOOD_0,400174
2012-11-01,TX,TX_0,FOOD,FOOD_0,419790
2012-12-01,TX,TX_0,FOOD,FOOD_0,470958
2013-01-01,TX,TX_0,FOOD,FOOD_0,369825
2013-02-01,TX,TX_0,FOOD,FOOD_0,378091
2013-03-01,TX,TX_0,FOOD,FOOD_0,421234
2013-04-01,TX,TX_0,FOOD,FOOD_0,394128
2013-05-01,TX,TX_0,FOOD,FOOD_0,440262
2013-06-01,TX,TX_0,FOOD,FOOD_0,394544
2013-07-01,TX,TX_0,FOOD,FOOD_0,407240
2013-08-01,TX,TX_0,FOOD,FOOD_0,446887
2013-09-01,TX,TX_0,FOOD,FOOD_0,422418
2013-10-01,TX,TX_0,FOOD,FOOD_0,440941
2013-11-01,TX,TX_0,FOOD,FOOD_0,429483
2013-12-01,TX,TX_0,FOOD,FOOD_0,461421
2014-01-01,TX,TX_0,FOOD,FOOD_0,373382
2014-02-01,TX,TX_0,FOOD,FOOD_0,385126
2014-03-01,TX,TX_0,FOOD,FOOD_0,432098
2014-04-01,TX,TX_0,FOOD,FOOD_0,423503
2014-05-01,TX,TX_0,FOOD,FOOD_0,438717
2014-06-01,TX,TX_0,FOOD,FOOD_0,448572
2014-07-01,TX,TX_0,FOOD,FOOD_0,422799
2014-08-01,TX,TX_0,FOOD,FOOD_0,462855
2014-09-01,TX,TX_0,FOOD,FOOD_0,418585
2014-10-01,TX,TX_0,FOOD,FOOD_0,436752
2014-11-01,TX,TX_0,FOOD,FOOD_0,462346
2014-12-01,TX,TX_0,FOOD,FOOD_0,508238
2015-01-01,TX,TX_0,FOOD,FOOD_0,423291
2015-02-01,TX,TX_0,FOOD,FOOD_0,386993
2015-03-01,TX,TX_0,FOOD,FOOD_0,445710
2015-04-01,TX,TX_0,FOOD,FOOD_0,459870
2015-05-01,TX,TX_0,FOOD,FOOD_0,458756
2015-06-01,TX,TX_0,FOOD,FOOD_0,478400
2015-07-01,TX,TX_0,FOOD,FOOD_0,458631
2015-08-01,TX,TX_0,FOOD,FOOD_0,487746
2015-09-01,TX,TX_0,FOOD,FOOD_0,442755
2015-10-01,TX,TX_0,FOOD,FOOD_0,431900
2015-11-01,TX,TX_0,FOOD,FOOD_0,462860
2015-12-01,TX,TX_0,FOOD,FOOD_0,531013
2016-01-01,TX,TX_0,FOOD,FOOD_0,446565
2016-02-01,TX,TX_0,FOOD,FOOD_0,436612
2016-03-01,TX,TX_0,FOOD,FOOD_0,427358
2016-04-01,TX,TX_0,FOOD,FOOD_0,434054
2016-05-01,TX,TX_0,FOOD,FOOD_0,454280
2010-01-01,CA,CA_0,FOOD,FOOD_0,286273
2010-02-01,CA,CA_0,FOOD,FOOD_0,328519
2010-03-01,CA,CA_0,FOOD,FOOD_0,342108
2010-04-01,CA,CA_0,FOOD,FOOD_0,365516
2010-05-01,CA,CA_0,FOOD,FOOD_0,358058
2010-06-01,CA,CA_0,FOOD,FOOD_0,383375
2010-07-01,CA,CA_0,FOOD,FOOD_0,371288
2010-08-01,CA,CA_0,FOOD,FOOD_0,344112
2010-09-01,CA,CA_0,FOOD,FOOD_0,336066
2010-10-01,CA,CA_0,FOOD,FOOD_0,342719
2010-11-01,CA,CA_0,FOOD,FOOD_0,393512
2010-12-01,CA,CA_0,FOOD,FOOD_0,428290
2011-01-01,CA,CA_0,FOOD,FOOD_0,355760
2011-02-01,CA,CA_0,FOOD,FOOD_0,310359
2011-03-01,CA,CA_0,FOOD,FOOD_0,381471
2011-04-01,CA,CA_0,FOOD,FOOD_0,372250
2011-05-01,CA,CA_0,FOOD,FOOD_0,409400
2011-06-01,CA,CA_0,FOOD,FOOD_0,395582
2011-07-01,CA,CA_0,FOOD,FOOD_0,384172
2011-08-01,CA,CA_0,FOOD,FOOD_0,401042
2011-09-01,CA,CA_0,FOOD,FOOD_0,349060
2011-10-01,CA,CA_0,FOOD,FOOD_0,389178
2011-11-01,CA,CA_0,FOOD,FOOD_0,413869
2011-12-01,CA,CA_0,FOOD,FOOD_0,452709
2012-01-01,CA,CA_0,FOOD,FOOD_0,344662
2012-02-01,CA,CA_0,FOOD,FOOD_0,394259
2012-03-01,CA,CA_0,FOOD,FOOD_0,399333
2012-04-01,CA,CA_0,FOOD,FOOD_0,385814
2012-05-01,CA,CA_0,FOOD,FOOD_0,432478
2012-06-01,CA,CA_0,FOOD,FOOD_0,394085
2012-07-01,CA,CA_0,FOOD,FOOD_0,411811
2012-08-01,CA,CA_0,FOOD,FOOD_0,413098
2012-09-01,CA,CA_0,FOOD,FOOD_0,367634
2012-10-01,CA,CA_0,FOOD,FOOD_0,404559
2012-11-01,CA,CA_0,FOOD,FOOD_0,395836
2012-12-01,CA,CA_0,FOOD,FOOD_0,478197
2013-01-01,CA,CA_0,FOOD,FOOD_0,379081
2013-02-01,CA,CA_0,FOOD,FOOD_0,377076
2013-03-01,CA,CA_0,FOOD,FOOD_0,401770
2013-04-01,CA,CA_0,FOOD,FOOD_0,405725
2013-05-01,CA,CA_0,FOOD,FOOD_0,454246
2013-06-01,CA,CA_0,FOOD,FOOD_0,402833
2013-07-01,CA,CA_0,FOOD,FOOD_0,443788
2013-08-01,CA,CA_0,FOOD,FOOD_0,442750
2013-09-01,CA,CA_0,FOOD,FOOD_0,388750
2013-10-01,CA,CA_0,FOOD,FOOD_0,425738
2013-11-01,CA,CA_0,FOOD,FOOD_0,420343
2013-12-01,CA,CA_0,FOOD,FOOD_0,507500
2014-01-01,CA,CA_0,FOOD,FOOD_0,401117
2014-02-01,CA,CA_0,FOOD,FOOD_0,364235
2014-03-01,CA,CA_0,FOOD,FOOD_0,445533
2014-04-01,CA,CA_0,FOOD,FOOD_0,433927
2014-05-01,CA,CA_0,FOOD,FOOD_0,460795
2014-06-01,CA,CA_0,FOOD,FOOD_0,405976
2014-07-01,CA,CA_0,FOOD,FOOD_0,439836
2014-08-01,CA,CA_0,FOOD,FOOD_0,425523
2014-09-01,CA,CA_0,FOOD,FOOD_0,423673
2014-10-01,CA,CA_0,FOOD,FOOD_0,423372
2014-11-01,CA,CA_0,FOOD,FOOD_0,419162
2014-12-01,CA,CA_0,FOOD,FOOD_0,481960
2015-01-01,CA,CA_0,FOOD,FOOD_0,413686
2015-02-01,CA,CA_0,FOOD,FOOD_0,395334
2015-03-01,CA,CA_0,FOOD,FOOD_0,427355
2015-04-01,CA,CA_0,FOOD,FOOD_0,432680
2015-05-01,CA,CA_0,FOOD,FOOD_0,446870
2015-06-01,CA,CA_0,FOOD,FOOD_0,443380
2015-07-01,CA,CA_0,FOOD,FOOD_0,480875
2015-08-01,CA,CA_0,FOOD,FOOD_0,461220
2015-09-01,CA,CA_0,FOOD,FOOD_0,447828
2015-10-01,CA,CA_0,FOOD,FOOD_0,445036
2015-11-01,CA,CA_0,FOOD,FOOD_0,411665
2015-12-01,CA,CA_0,FOOD,FOOD_0,504069
2016-01-01,CA,CA_0,FOOD,FOOD_0,383389
2016-02-01,CA,CA_0,FOOD,FOOD_0,411558
2016-03-01,CA,CA_0,FOOD,FOOD_0,442070
2016-04-01,CA,CA_0,FOOD,FOOD_0,459718
2016-05-01,CA,CA_0,FOOD,FOOD_0,483986
2010-01-01,CO,CO_0,FOOD,FOOD_1,301394
2010-02-01,CO,CO_0,FOOD,FOOD_1,328249
2010-03-01,CO,CO_0,FOOD,FOOD_1,341768
2010-04-01,CO,CO_0,FOOD,FOOD_1,362286
2010-05-01,CO,CO_0,FOOD,FOOD_1,353892
2010-06-01,CO,CO_0,FOOD,FOOD_1,353788
2010-07-01,CO,CO_0,FOOD,FOOD_1,377950
2010-08-01,CO,CO_0,FOOD,FOOD_1,373200
2010-09-01,CO,CO_0,FOOD,FOOD_1,370579
2010-10-01,CO,CO_0,FOOD,FOOD_1,382553
2010-11-01,CO,CO_0,FOOD,FOOD_1,356206
2010-12-01,CO,CO_0,FOOD,FOOD_1,432023
2011-01-01,CO,CO_0,FOOD,FOOD_1,360811
2011-02-01,CO,CO_0,FOOD,FOOD_1,360392
2011-03-01,CO,CO_0,FOOD,FOOD_1,376537
2011-04-01,CO,CO_0,FOOD,FOOD_1,392657
2011-05-01,CO,CO_0,FOOD,FOOD_1,369374
2011-06-01,CO,CO_0,FOOD,FOOD_1,384886
2011-07-01,CO,CO_0,FOOD,FOOD_1,384140
2011-08-01,CO,CO_0,FOOD,FOOD_1,404308
2011-09-01,CO,CO_0,FOOD,FOOD_1,362110
2011-10-01,CO,CO_0,FOOD,FOOD_1,352909
2011-11-01,CO,CO_0,FOOD,FOOD_1,385035
2011-12-01,CO,CO_0,FOOD,FOOD_1,473511
2012-01-01,CO,CO_0,FOOD,FOOD_1,376472
2012-02-01,CO,CO_0,FOOD,FOOD_1,379697
2012-03-01,CO,CO_0,FOOD,FOOD_1,413501
2012-04-01,CO,CO_0,FOOD,FOOD_1,375771
2012-05-01,CO,CO_0,FOOD,FOOD_1,430004
2012-06-01,CO,CO_0,FOOD,FOOD_1,398305
2012-07-01,CO,CO_0,FOOD,FOOD_1,386674
2012-08-01,CO,CO_0,FOOD,FOOD_1,418186
2012-09-01,CO,CO_0,FOOD,FOOD_1,385473
2012-10-01,CO,CO_0,FOOD,FOOD_1,394926
2012-11-01,CO,CO_0,FOOD,FOOD_1,412585
2012-12-01,CO,CO_0,FOOD,FOOD_1,451496
2013-01-01,CO,CO_0,FOOD,FOOD_1,368959
2013-02-01,CO,CO_0,FOOD,FOOD_1,397863
2013-03-01,CO,CO_0,FOOD,FOOD_1,469364
2013-04-01,CO,CO_0,FOOD,FOOD_1,419555
2013-05-01,CO,CO_0,FOOD,FOOD_1,433576
2013-06-01,CO,CO_0,FOOD,FOOD_1,396986
2013-07-01,CO,CO_0,FOOD,FOOD_1,443929
2013-08-01,CO,CO_0,FOOD,FOOD_1,450663
2013-09-01,CO,CO_0,FOOD,FOOD_1,379044
2013-10-01,CO,CO_0,FOOD,FOOD_1,419205
2013-11-01,CO,CO_0,FOOD,FOOD_1,405101
2013-12-01,CO,CO_0,FOOD,FOOD_1,490760
2014-01-01,CO,CO_0,FOOD,FOOD_1,395456
2014-02-01,CO,CO_0,FOOD,FOOD_1,372296
2014-03-01,CO,CO_0,FOOD,FOOD_1,417093
2014-04-01,CO,CO_0,FOOD,FOOD_1,451825
2014-05-01,CO,CO_0,FOOD,FOOD_1,460894
2014-06-01,CO,CO_0,FOOD,FOOD_1,455533
2014-07-01,CO,CO_0,FOOD,FOOD_1,459876
2014-08-01,CO,CO_0,FOOD,FOOD_1,451608
2014-09-01,CO,CO_0,FOOD,FOOD_1,420108
2014-10-01,CO,CO_0,FOOD,FOOD_1,419985
2014-11-01,CO,CO_0,FOOD,FOOD_1,417546
2014-12-01,CO,CO_0,FOOD,FOOD_1,516676
2015-01-01,CO,CO_0,FOOD,FOOD_1,380606
2015-02-01,CO,CO_0,FOOD,FOOD_1,347779
2015-03-01,CO,CO_0,FOOD,FOOD_1,478072
2015-04-01,CO,CO_0,FOOD,FOOD_1,445600
2015-05-01,CO,CO_0,FOOD,FOOD_1,447341
2015-06-01,CO,CO_0,FOOD,FOOD_1,443375
2015-07-01,CO,CO_0,FOOD,FOOD_1,469547
2015-08-01,CO,CO_0,FOOD,FOOD_1,431662
2015-09-01,CO,CO_0,FOOD,FOOD_1,436219
2015-10-01,CO,CO_0,FOOD,FOOD_1,435375
2015-11-01,CO,CO_0,FOOD,FOOD_1,446237
2015-12-01,CO,CO_0,FOOD,FOOD_1,543236
2016-01-01,CO,CO_0,FOOD,FOOD_1,393718
2016-02-01,CO,CO_0,FOOD,FOOD_1,412652
2016-03-01,CO,CO_0,FOOD,FOOD_1,470291
2016-04-01,CO,CO_0,FOOD,FOOD_1,441284
2016-05-01,CO,CO_0,FOOD,FOOD_1,452642
2010-01-01,TX,TX_0,FOOD,FOOD_1,322661
2010-02-01,TX,TX_0,FOOD,FOOD_1,300737
2010-03-01,TX,TX_0,FOOD,FOOD_1,311815
2010-04-01,TX,TX_0,FOOD,FOOD_1,336810
2010-05-01,TX,TX_0,FOOD,FOOD_1,389437
2010-06-01,TX,TX_0,FOOD,FOOD_1,356361
2010-07-01,TX,TX_0,FOOD,FOOD_1,379968
2010-08-01,TX,TX_0,FOOD,FOOD_1,364460
2010-09-01,TX,TX_0,FOOD,FOOD_1,356282
2010-10-01,TX,TX_0,FOOD,FOOD_1,366738
2010-11-01,TX,TX_0,FOOD,FOOD_1,399951
2010-12-01,TX,TX_0,FOOD,FOOD_1,428113
2011-01-01,TX,TX_0,FOOD,FOOD_1,334316
2011-02-01,TX,TX_0,FOOD,FOOD_1,339612
2011-03-01,TX,TX_0,FOOD,FOOD_1,408582
2011-04-01,TX,TX_0,FOOD,FOOD_1,395434
2011-05-01,TX,TX_0,FOOD,FOOD_1,372127
2011-06-01,TX,TX_0,FOOD,FOOD_1,375541
2011-07-01,TX,TX_0,FOOD,FOOD_1,362649
2011-08-01,TX,TX_0,FOOD,FOOD_1,415124
2011-09-01,TX,TX_0,FOOD,FOOD_1,391819
2011-10-01,TX,TX_0,FOOD,FOOD_1,367393
2011-11-01,TX,TX_0,FOOD,FOOD_1,369056
2011-12-01,TX,TX_0,FOOD,FOOD_1,421207
2012-01-01,TX,TX_0,FOOD,FOOD_1,357448
2012-02-01,TX,TX_0,FOOD,FOOD_1,374249
2012-03-01,TX,TX_0,FOOD,FOOD_1,406314
2012-04-01,TX,TX_0,FOOD,FOOD_1,409630
2012-05-01,TX,TX_0,FOOD,FOOD_1,437016
2012-06-01,TX,TX_0,FOOD,FOOD_1,390678
2012-07-01,TX,TX_0,FOOD,FOOD_1,430114
2012-08-01,TX,TX_0,FOOD,FOOD_1,397323
2012-09-01,TX,TX_0,FOOD,FOOD_1,359362
2012-10-01,TX,TX_0,FOOD,FOOD_1,404218
2012-11-01,TX,TX_0,FOOD,FOOD_1,420321
2012-12-01,TX,TX_0,FOOD,FOOD_1,461187
2013-01-01,TX,TX_0,FOOD,FOOD_1,342284
2013-02-01,TX,TX_0,FOOD,FOOD_1,335423
2013-03-01,TX,TX_0,FOOD,FOOD_1,429611
2013-04-01,TX,TX_0,FOOD,FOOD_1,394705
2013-05-01,TX,TX_0,FOOD,FOOD_1,444100
2013-06-01,TX,TX_0,FOOD,FOOD_1,406952
2013-07-01,TX,TX_0,FOOD,FOOD_1,413873
2013-08-01,TX,TX_0,FOOD,FOOD_1,439373
2013-09-01,TX,TX_0,FOOD,FOOD_1,399084
2013-10-01,TX,TX_0,FOOD,FOOD_1,408448
2013-11-01,TX,TX_0,FOOD,FOOD_1,436943
2013-12-01,TX,TX_0,FOOD,FOOD_1,467701
2014-01-01,TX,TX_0,FOOD,FOOD_1,378739
2014-02-01,TX,TX_0,FOOD,FOOD_1,352433
2014-03-01,TX,TX_0,FOOD,FOOD_1,429640
2014-04-01,TX,TX_0,FOOD,FOOD_1,423510
2014-05-01,TX,TX_0,FOOD,FOOD_1,485086
2014-06-01,TX,TX_0,FOOD,FOOD_1,462277
2014-07-01,TX,TX_0,FOOD,FOOD_1,432645
2014-08-01,TX,TX_0,FOOD,FOOD_1,427997
2014-09-01,TX,TX_0,FOOD,FOOD_1,397165
2014-10-01,TX,TX_0,FOOD,FOOD_1,428787
2014-11-01,TX,TX_0,FOOD,FOOD_1,452136
2014-12-01,TX,TX_0,FOOD,FOOD_1,506088
2015-01-01,TX,TX_0,FOOD,FOOD_1,411736
2015-02-01,TX,TX_0,FOOD,FOOD_1,374934
2015-03-01,TX,TX_0,FOOD,FOOD_1,456536
2015-04-01,TX,TX_0,FOOD,FOOD_1,422279
2015-05-01,TX,TX_0,FOOD,FOOD_1,476315
2015-06-01,TX,TX_0,FOOD,FOOD_1,433079
2015-07-01,TX,TX_0,FOOD,FOOD_1,465092
2015-08-01,TX,TX_0,FOOD,FOOD_1,464436
2015-09-01,TX,TX_0,FOOD,FOOD_1,397199
2015-10-01,TX,TX_0,FOOD,FOOD_1,419803
2015-11-01,TX,TX_0,FOOD,FOOD_1,472239
2015-12-01,TX,TX_0,FOOD,FOOD_1,524338
2016-01-01,TX,TX_0,FOOD,FOOD_1,355886
2016-02-01,TX,TX_0,FOOD,FOOD_1,416480
2016-03-01,TX,TX_0,FOOD,FOOD_1,428784
2016-04-01,TX,TX_0,FOOD,FOOD_1,455853
2016-05-01,TX,TX_0,FOOD,FOOD_1,452598
2010-01-01,CA,CA_0,FOOD,FOOD_1,302674
2010-02-01,CA,CA_0,FOOD,FOOD_1,317497
2010-03-01,CA,CA_0,FOOD,FOOD_1,376342
2010-04-01,CA,CA_0,FOOD,FOOD_1,397581
2010-05-01,CA,CA_0,FOOD,FOOD_1,373942
2010-06-01,CA,CA_0,FOOD,FOOD_1,367177
2010-07-01,CA,CA_0,FOOD,FOOD_1,404738
2010-08-01,CA,CA_0,FOOD,FOOD_1,356812
2010-09-01,CA,CA_0,FOOD,FOOD_1,335288
2010-10-01,CA,CA_0,FOOD,FOOD_1,373874
2010-11-01,CA,CA_0,FOOD,FOOD_1,388654
2010-12-01,CA,CA_0,FOOD,FOOD_1,410874
2011-01-01,CA,CA_0,FOOD,FOOD_1,356451
2011-02-01,CA,CA_0,FOOD,FOOD_1,339136
2011-03-01,CA,CA_0,FOOD,FOOD_1,366752
2011-04-01,CA,CA_0,FOOD,FOOD_1,389102
2011-05-01,CA,CA_0,FOOD,FOOD_1,389448
2011-06-01,CA,CA_0,FOOD,FOOD_1,360763
2011-07-01,CA,CA_0,FOOD,FOOD_1,374161
2011-08-01,CA,CA_0,FOOD,FOOD_1,381436
2011-09-01,CA,CA_0,FOOD,FOOD_1,347305
2011-10-01,CA,CA_0,FOOD,FOOD_1,405634
2011-11-01,CA,CA_0,FOOD,FOOD_1,365715
2011-12-01,CA,CA_0,FOOD,FOOD_1,436616
2012-01-01,CA,CA_0,FOOD,FOOD_1,351117
2012-02-01,CA,CA_0,FOOD,FOOD_1,362713
2012-03-01,CA,CA_0,FOOD,FOOD_1,423200
2012-04-01,CA,CA_0,FOOD,FOOD_1,419012
2012-05-01,CA,CA_0,FOOD,FOOD_1,437998
2012-06-01,CA,CA_0,FOOD,FOOD_1,382191
2012-07-01,CA,CA_0,FOOD,FOOD_1,412246
2012-08-01,CA,CA_0,FOOD,FOOD_1,393437
2012-09-01,CA,CA_0,FOOD,FOOD_1,395898
2012-10-01,CA,CA_0,FOOD,FOOD_1,393712
2012-11-01,CA,CA_0,FOOD,FOOD_1,370748
2012-12-01,CA,CA_0,FOOD,FOOD_1,430557
2013-01-01,CA,CA_0,FOOD,FOOD_1,377267
2013-02-01,CA,CA_0,FOOD,FOOD_1,375908
2013-03-01,CA,CA_0,FOOD,FOOD_1,455050
2013-04-01,CA,CA_0,FOOD,FOOD_1,407697
2013-05-01,CA,CA_0,FOOD,FOOD_1,429756
2013-06-01,CA,CA_0,FOOD,FOOD_1,423171
2013-07-01,CA,CA_0,FOOD,FOOD_1,417442
2013-08-01,CA,CA_0,FOOD,FOOD_1,421776
2013-09-01,CA,CA_0,FOOD,FOOD_1,434467
2013-10-01,CA,CA_0,FOOD,FOOD_1,419134
2013-11-01,CA,CA_0,FOOD,FOOD_1,451338
2013-12-01,CA,CA_0,FOOD,FOOD_1,472507
2014-01-01,CA,CA_0,FOOD,FOOD_1,411114
2014-02-01,CA,CA_0,FOOD,FOOD_1,396751
2014-03-01,CA,CA_0,FOOD,FOOD_1,414636
2014-04-01,CA,CA_0,FOOD,FOOD_1,446635
2014-05-01,CA,CA_0,FOOD,FOOD_1,466728
2014-06-01,CA,CA_0,FOOD,FOOD_1,451493
2014-07-01,CA,CA_0,FOOD,FOOD_1,433528
2014-08-01,CA,CA_0,FOOD,FOOD_1,463801
2014-09-01,CA,CA_0,FOOD,FOOD_1,438259
2014-10-01,CA,CA_0,FOOD,FOOD_1,451126
2014-11-01,CA,CA_0,FOOD,FOOD_1,426266
2014-12-01,CA,CA_0,FOOD,FOOD_1,495545
2015-01-01,CA,CA_0,FOOD,FOOD_1,403144
2015-02-01,CA,CA_0,FOOD,FOOD_1,399270
2015-03-01,CA,CA_0,FOOD,FOOD_1,437211
2015-04-01,CA,CA_0,FOOD,FOOD_1,433532
2015-05-01,CA,CA_0,FOOD,FOOD_1,437569
2015-06-01,CA,CA_0,FOOD,FOOD_1,475234
2015-07-01,CA,CA_0,FOOD,FOOD_1,485647
2015-08-01,CA,CA_0,FOOD,FOOD_1,476471
2015-09-01,CA,CA_0,FOOD,FOOD_1,439260
2015-10-01,CA,CA_0,FOOD,FOOD_1,400711
2015-11-01,CA,CA_0,FOOD,FOOD_1,419981
2015-12-01,CA,CA_0,FOOD,FOOD_1,516321
2016-01-01,CA,CA_0,FOOD,FOOD_1,396110
2016-02-01,CA,CA_0,FOOD,FOOD_1,427995
2016-03-01,CA,CA_0,FOOD,FOOD_1,484770
2016-04-01,CA,CA_0,FOOD,FOOD_1,447831
2016-05-01,CA,CA_0,FOOD,FOOD_1,476154
2010-01-01,CO,CO_0,APPAREL,APPAREL_0,328255
2010-02-01,CO,CO_0,APPAREL,APPAREL_0,309693
2010-03-01,CO,CO_0,APPAREL,APPAREL_0,360719
2010-04-01,CO,CO_0,APPAREL,APPAREL_0,352385
2010-05-01,CO,CO_0,APPAREL,APPAREL_0,385511
2010-06-01,CO,CO_0,APPAREL,APPAREL_0,356850
2010-07-01,CO,CO_0,APPAREL,APPAREL_0,371809
2010-08-01,CO,CO_0,APPAREL,APPAREL_0,381703
2010-09-01,CO,CO_0,APPAREL,APPAREL_0,337699
2010-10-01,CO,CO_0,APPAREL,APPAREL_0,327526
2010-11-01,CO,CO_0,APPAREL,APPAREL_0,353085
2010-12-01,CO,CO_0,APPAREL,APPAREL_0,429776
2011-01-01,CO,CO_0,APPAREL,APPAREL_0,318616
2011-02-01,CO,CO_0,APPAREL,APPAREL_0,313077
2011-03-01,CO,CO_0,APPAREL,APPAREL_0,376513
2011-04-01,CO,CO_0,APPAREL,APPAREL_0,385740
2011-05-01,CO,CO_0,APPAREL,APPAREL_0,368882
2011-06-01,CO,CO_0,APPAREL,APPAREL_0,394820
2011-07-01,CO,CO_0,APPAREL,APPAREL_0,381363
2011-08-01,CO,CO_0,APPAREL,APPAREL_0,402735
2011-09-01,CO,CO_0,APPAREL,APPAREL_0,388729
2011-10-01,CO,CO_0,APPAREL,APPAREL_0,384412
2011-11-01,CO,CO_0,APPAREL,APPAREL_0,413078
2011-12-01,CO,CO_0,APPAREL,APPAREL_0,486177
2012-01-01,CO,CO_0,APPAREL,APPAREL_0,345915
2012-02-01,CO,CO_0,APPAREL,APPAREL_0,397747
2012-03-01,CO,CO_0,APPAREL,APPAREL_0,412707
2012-04-01,CO,CO_0,APPAREL,APPAREL_0,380288
2012-05-01,CO,CO_0,APPAREL,APPAREL_0,398975
2012-06-01,CO,CO_0,APPAREL,APPAREL_0,390392
2012-07-01,CO,CO_0,APPAREL,APPAREL_0,362189
2012-08-01,CO,CO_0,APPAREL,APPAREL_0,403311
2012-09-01,CO,CO_0,APPAREL,APPAREL_0,382957
2012-10-01,CO,CO_0,APPAREL,APPAREL_0,387381
2012-11-01,CO,CO_0,APPAREL,APPAREL_0,397511
2012-12-01,CO,CO_0,APPAREL,APPAREL_0,447101
2013-01-01,CO,CO_0,APPAREL,APPAREL_0,352851
2013-02-01,CO,CO_0,APPAREL,APPAREL_0,420070
2013-03-01,CO,CO_0,APPAREL,APPAREL_0,424213
2013-04-01,CO,CO_0,APPAREL,APPAREL_0,386294
2013-05-01,CO,CO_0,APPAREL,APPAREL_0,440424
2013-06-01,CO,CO_0,APPAREL,APPAREL_0,433757
2013-07-01,CO,CO_0,APPAREL,APPAREL_0,422743
2013-08-01,CO,CO_0,APPAREL,APPAREL_0,402153
2013-09-01,CO,CO_0,APPAREL,APPAREL_0,383073
2013-10-01,CO,CO_0,APPAREL,APPAREL_0,428461
2013-11-01,CO,CO_0,APPAREL,APPAREL_0,400589
2013-12-01,CO,CO_0,APPAREL,APPAREL_0,470714
2014-01-01,CO,CO_0,APPAREL,APPAREL_0,372627
2014-02-01,CO,CO_0,APPAREL,APPAREL_0,389932
2014-03-01,CO,CO_0,APPAREL,APPAREL_0,383156
2014-04-01,CO,CO_0,APPAREL,APPAREL_0,409068
2014-05-01,CO,CO_0,APPAREL,APPAREL_0,474364
2014-06-01,CO,CO_0,APPAREL,APPAREL_0,422096
2014-07-01,CO,CO_0,APPAREL,APPAREL_0,442252
2014-08-01,CO,CO_0,APPAREL,APPAREL_0,447979
2014-09-01,CO,CO_0,APPAREL,APPAREL_0,443055
2014-10-01,CO,CO_0,APPAREL,APPAREL_0,423702
2014-11-01,CO,CO_0,APPAREL,APPAREL_0,466612
2014-12-01,CO,CO_0,APPAREL,APPAREL_0,457041
2015-01-01,CO,CO_0,APPAREL,APPAREL_0,363686
2015-02-01,CO,CO_0,APPAREL,APPAREL_0,396464
2015-03-01,CO,CO_0,APPAREL,APPAREL_0,439946
2015-04-01,CO,CO_0,APPAREL,APPAREL_0,444174
2015-05-01,CO,CO_0,APPAREL,APPAREL_0,455948
2015-06-01,CO,CO_0,APPAREL,APPAREL_0,457576
2015-07-01,CO,CO_0,APPAREL,APPAREL_0,451488
2015-08-01,CO,CO_0,APPAREL,APPAREL_0,433486
2015-09-01,CO,CO_0,APPAREL,APPAREL_0,427598
2015-10-01,CO,CO_0,APPAREL,APPAREL_0,433550
2015-11-01,CO,CO_0,APPAREL,APPAREL_0,452413
2015-12-01,CO,CO_0,APPAREL,APPAREL_0,513644
2016-01-01,CO,CO_0,APPAREL,APPAREL_0,419556
2016-02-01,CO,CO_0,APPAREL,APPAREL_0,426390
2016-03-01,CO,CO_0,APPAREL,APPAREL_0,470626
2016-04-01,CO,CO_0,APPAREL,APPAREL_0,458636
2016-05-01,CO,CO_0,APPAREL,APPAREL_0,490440
2010-01-01,TX,TX_0,APPAREL,APPAREL_0,300563
2010-02-01,TX,TX_0,APPAREL,APPAREL_0,359898
2010-03-01,TX,TX_0,APPAREL,APPAREL_0,363588
2010-04-01,TX,TX_0,APPAREL,APPAREL_0,352879
2010-05-01,TX,TX_0,APPAREL,APPAREL_0,347736
2010-06-01,TX,TX_0,APPAREL,APPAREL_0,371308
2010-07-01,TX,TX_0,APPAREL,APPAREL_0,373312
2010-08-01,TX,TX_0,APPAREL,APPAREL_0,335806
2010-09-01,TX,TX_0,APPAREL,APPAREL_0,363764
2010-10-01,TX,TX_0,APPAREL,APPAREL_0,375501
2010-11-01,TX,TX_0,APPAREL,APPAREL_0,364900
2010-12-01,TX,TX_0,APPAREL,APPAREL_0,449830
2011-01-01,TX,TX_0,APPAREL,APPAREL_0,330059
2011-02-01,TX,TX_0,APPAREL,APPAREL_0,350931
2011-03-01,TX,TX_0,APPAREL,APPAREL_0,387185
2011-04-01,TX,TX_0,APPAREL,APPAREL_0,388199
2011-05-01,TX,TX_0,APPAREL,APPAREL_0,382485
2011-06-01,TX,TX_0,APPAREL,APPAREL_0,404864
2011-07-01,TX,TX_0,APPAREL,APPAREL_0,409276
2011-08-01,TX,TX_0,APPAREL,APPAREL_0,391722
2011-09-01,TX,TX_0,APPAREL,APPAREL_0,383806
2011-10-01,TX,TX_0,APPAREL,APPAREL_0,403203
2011-11-01,TX,TX_0,APPAREL,APPAREL_0,383847
2011-12-01,TX,TX_0,APPAREL,APPAREL_0,452535
2012-01-01,TX,TX_0,APPAREL,APPAREL_0,331122
2012-02-01,TX,TX_0,APPAREL,APPAREL_0,346892
2012-03-01,TX,TX_0,APPAREL,APPAREL_0,405582
2012-04-01,TX,TX_0,APPAREL,APPAREL_0,404900
2012-05-01,TX,TX_0,APPAREL,APPAREL_0,416611
2012-06-01,TX,TX_0,APPAREL,APPAREL_0,379430
2012-07-01,TX,TX_0,APPAREL,APPAREL_0,386341
2012-08-01,TX,TX_0,APPAREL,APPAREL_0,416963
2012-09-01,TX,TX_0,APPAREL,APPAREL_0,392185
2012-10-01,TX,TX_0,APPAREL,APPAREL_0,411461
2012-11-01,TX,TX_0,APPAREL,APPAREL_0,425908
2012-12-01,TX,TX_0,APPAREL,APPAREL_0,444897
2013-01-01,TX,TX_0,APPAREL,APPAREL_0,371301
2013-02-01,TX,TX_0,APPAREL,APPAREL_0,363646
2013-03-01,TX,TX_0,APPAREL,APPAREL_0,439670
2013-04-01,TX,TX_0,APPAREL,APPAREL_0,394475
2013-05-01,TX,TX_0,APPAREL,APPAREL_0,471997
2013-06-01,TX,TX_0,APPAREL,APPAREL_0,397703
2013-07-01,TX,TX_0,APPAREL,APPAREL_0,426002
2013-08-01,TX,TX_0,APPAREL,APPAREL_0,466719
2013-09-01,TX,TX_0,APPAREL,APPAREL_0,409391
2013-10-01,TX,TX_0,APPAREL,APPAREL_0,404386
2013-11-01,TX,TX_0,APPAREL,APPAREL_0,423540
2013-12-01,TX,TX_0,APPAREL,APPAREL_0,485627
2014-01-01,TX,TX_0,APPAREL,APPAREL_0,384376
2014-02-01,TX,TX_0,APPAREL,APPAREL_0,385344
2014-03-01,TX,TX_0,APPAREL,APPAREL_0,416646
2014-04-01,TX,TX_0,APPAREL,APPAREL_0,431056
2014-05-01,TX,TX_0,APPAREL,APPAREL_0,465766
2014-06-01,TX,TX_0,APPAREL,APPAREL_0,444758
2014-07-01,TX,TX_0,APPAREL,APPAREL_0,464897
2014-08-01,TX,TX_0,APPAREL,APPAREL_0,465804
2014-09-01,TX,TX_0,APPAREL,APPAREL_0,405201
2014-10-01,TX,TX_0,APPAREL,APPAREL_0,429127
2014-11-01,TX,TX_0,APPAREL,APPAREL_0,421710
2014-12-01,TX,TX_0,APPAREL,APPAREL_0,473223
2015-01-01,TX,TX_0,APPAREL,APPAREL_0,388090
2015-02-01,TX,TX_0,APPAREL,APPAREL_0,415949
2015-03-01,TX,TX_0,APPAREL,APPAREL_0,454359
2015-04-01,TX,TX_0,APPAREL,APPAREL_0,435223
2015-05-01,TX,TX_0,APPAREL,APPAREL_0,455803
2015-06-01,TX,TX_0,APPAREL,APPAREL_0,468459
2015-07-01,TX,TX_0,APPAREL,APPAREL_0,472359
2015-08-01,TX,TX_0,APPAREL,APPAREL_0,446194
2015-09-01,TX,TX_0,APPAREL,APPAREL_0,426555
2015-10-01,TX,TX_0,APPAREL,APPAREL_0,456704
2015-11-01,TX,TX_0,APPAREL,APPAREL_0,439717
2015-12-01,TX,TX_0,APPAREL,APPAREL_0,558562
2016-01-01,TX,TX_0,APPAREL,APPAREL_0,423968
2016-02-01,TX,TX_0,APPAREL,APPAREL_0,405884
2016-03-01,TX,TX_0,APPAREL,APPAREL_0,473702
2016-04-01,TX,TX_0,APPAREL,APPAREL_0,442066
2016-05-01,TX,TX_0,APPAREL,APPAREL_0,480394
2010-01-01,CA,CA_0,APPAREL,APPAREL_0,312509
2010-02-01,CA,CA_0,APPAREL,APPAREL_0,313354
2010-03-01,CA,CA_0,APPAREL,APPAREL_0,337983
2010-04-01,CA,CA_0,APPAREL,APPAREL_0,375028
2010-05-01,CA,CA_0,APPAREL,APPAREL_0,373908
2010-06-01,CA,CA_0,APPAREL,APPAREL_0,356383
2010-07-01,CA,CA_0,APPAREL,APPAREL_0,375431
2010-08-01,CA,CA_0,APPAREL,APPAREL_0,331683
2010-09-01,CA,CA_0,APPAREL,APPAREL_0,359866
2010-10-01,CA,CA_0,APPAREL,APPAREL_0,346979
2010-11-01,CA,CA_0,APPAREL,APPAREL_0,369222
2010-12-01,CA,CA_0,APPAREL,APPAREL_0,399140
2011-01-01,CA,CA_0,APPAREL,APPAREL_0,337107
2011-02-01,CA,CA_0,APPAREL,APPAREL_0,345885
2011-03-01,CA,CA_0,APPAREL,APPAREL_0,411227
2011-04-01,CA,CA_0,APPAREL,APPAREL_0,366482
2011-05-01,CA,CA_0,APPAREL,APPAREL_0,373463
2011-06-01,CA,CA_0,APPAREL,APPAREL_0,377919
2011-07-01,CA,CA_0,APPAREL,APPAREL_0,383434
2011-08-01,CA,CA_0,APPAREL,APPAREL_0,377984
2011-09-01,CA,CA_0,APPAREL,APPAREL_0,386949
2011-10-01,CA,CA_0,APPAREL,APPAREL_0,355285
2011-11-01,CA,CA_0,APPAREL,APPAREL_0,412495
2011-12-01,CA,CA_0,APPAREL,APPAREL_0,448339
2012-01-01,CA,CA_0,APPAREL,APPAREL_0,384347
2012-02-01,CA,CA_0,APPAREL,APPAREL_0,388068
2012-03-01,CA,CA_0,APPAREL,APPAREL_0,399965
2012-04-01,CA,CA_0,APPAREL,APPAREL_0,376946
2012-05-01,CA,CA_0,APPAREL,APPAREL_0,380740
2012-06-01,CA,CA_0,APPAREL,APPAREL_0,381112
2012-07-01,CA,CA_0,APPAREL,APPAREL_0,401317
2012-08-01,CA,CA_0,APPAREL,APPAREL_0,386578
2012-09-01,CA,CA_0,APPAREL,APPAREL_0,381060
2012-10-01,CA,CA_0,APPAREL,APPAREL_0,386618
2012-11-01,CA,CA_0,APPAREL,APPAREL_0,392713
2012-12-01,CA,CA_0,APPAREL,APPAREL_0,472394
2013-01-01,CA,CA_0,APPAREL,APPAREL_0,342524
2013-02-01,CA,CA_0,APPAREL,APPAREL_0,418768
2013-03-01,CA,CA_0,APPAREL,APPAREL_0,421994
2013-04-01,CA,CA_0,APPAREL,APPAREL_0,395341
2013-05-01,CA,CA_0,APPAREL,APPAREL_0,430615
2013-06-01,CA,CA_0,APPAREL,APPAREL_0,427382
2013-07-01,CA,CA_0,APPAREL,APPAREL_0,412889
2013-08-01,CA,CA_0,APPAREL,APPAREL_0,465623
2013-09-01,CA,CA_0,APPAREL,APPAREL_0,404450
2013-10-01,CA,CA_0,APPAREL,APPAREL_0,395057
2013-11-01,CA,CA_0,APPAREL,APPAREL_0,459578
2013-12-01,CA,CA_0,APPAREL,APPAREL_0,501957
2014-01-01,CA,CA_0,APPAREL,APPAREL_0,376017
2014-02-01,CA,CA_0,APPAREL,APPAREL_0,363414
2014-03-01,CA,CA_0,APPAREL,APPAREL_0,446515
2014-04-01,CA,CA_0,APPAREL,APPAREL_0,426723
2014-05-01,CA,CA_0,APPAREL,APPAREL_0,457582
2014-06-01,CA,CA_0,APPAREL,APPAREL_0,439594
2014-07-01,CA,CA_0,APPAREL,APPAREL_0,444498
2014-08-01,CA,CA_0,APPAREL,APPAREL_0,443536
2014-09-01,CA,CA_0,APPAREL,APPAREL_0,460771
2014-10-01,CA,CA_0,APPAREL,APPAREL_0,428979
2014-11-01,CA,CA_0,APPAREL,APPAREL_0,433316
2014-12-01,CA,CA_0,APPAREL,APPAREL_0,499478
2015-01-01,CA,CA_0,APPAREL,APPAREL_0,352896
2015-02-01,CA,CA_0,APPAREL,APPAREL_0,404855
2015-03-01,CA,CA_0,APPAREL,APPAREL_0,437681
2015-04-01,CA,CA_0,APPAREL,APPAREL_0,424510
2015-05-01,CA,CA_0,APPAREL,APPAREL_0,460235
2015-06-01,CA,CA_0,APPAREL,APPAREL_0,435312
2015-07-01,CA,CA_0,APPAREL,APPAREL_0,466330
2015-08-01,CA,CA_0,APPAREL,APPAREL_0,450807
2015-09-01,CA,CA_0,APPAREL,APPAREL_0,439252
2015-10-01,CA,CA_0,APPAREL,APPAREL_0,397698
2015-11-01,CA,CA_0,APPAREL,APPAREL_0,432388
2015-12-01,CA,CA_0,APPAREL,APPAREL_0,531262
2016-01-01,CA,CA_0,APPAREL,APPAREL_0,416103
2016-02-01,CA,CA_0,APPAREL,APPAREL_0,417995
2016-03-01,CA,CA_0,APPAREL,APPAREL_0,469854
2016-04-01,CA,CA_0,APPAREL,APPAREL_0,438978
2016-05-01,CA,CA_0,APPAREL,APPAREL_0,497098
2010-01-01,CO,CO_0,APPAREL,APPAREL_1,336145
2010-02-01,CO,CO_0,APPAREL,APPAREL_1,308877
2010-03-01,CO,CO_0,APPAREL,APPAREL_1,365320
2010-04-01,CO,CO_0,APPAREL,APPAREL_1,343173
2010-05-01,CO,CO_0,APPAREL,APPAREL_1,377632
2010-06-01,CO,CO_0,APPAREL,APPAREL_1,349960
2010-07-01,CO,CO_0,APPAREL,APPAREL_1,366700
2010-08-01,CO,CO_0,APPAREL,APPAREL_1,371852
2010-09-01,CO,CO_0,APPAREL,APPAREL_1,333588
2010-10-01,CO,CO_0,APPAREL,APPAREL_1,360247
2010-11-01,CO,CO_0,APPAREL,APPAREL_1,353816
2010-12-01,CO,CO_0,APPAREL,APPAREL_1,443500
2011-01-01,CO,CO_0,APPAREL,APPAREL_1,321591
2011-02-01,CO,CO_0,APPAREL,APPAREL_1,325450
2011-03-01,CO,CO_0,APPAREL,APPAREL_1,394025
2011-04-01,CO,CO_0,APPAREL,APPAREL_1,384832
2011-05-01,CO,CO_0,APPAREL,APPAREL_1,388764
2011-06-01,CO,CO_0,APPAREL,APPAREL_1,378765
2011-07-01,CO,CO_0,APPAREL,APPAREL_1,404066
2011-08-01,CO,CO_0,APPAREL,APPAREL_1,408451
2011-09-01,CO,CO_0,APPAREL,APPAREL_1,355987
2011-10-01,CO,CO_0,APPAREL,APPAREL_1,347440
2011-11-01,CO,CO_0,APPAREL,APPAREL_1,393405
2011-12-01,CO,CO_0,APPAREL,APPAREL_1,440298
2012-01-01,CO,CO_0,APPAREL,APPAREL_1,358594
2012-02-01,CO,CO_0,APPAREL,APPAREL_1,376151
2012-03-01,CO,CO_0,APPAREL,APPAREL_1,424332
2012-04-01,CO,CO_0,APPAREL,APPAREL_1,378643
2012-05-01,CO,CO_0,APPAREL,APPAREL_1,405373
2012-06-01,CO,CO_0,APPAREL,APPAREL_1,406688
2012-07-01,CO,CO_0,APPAREL,APPAREL_1,379796
2012-08-01,CO,CO_0,APPAREL,APPAREL_1,392115
2012-09-01,CO,CO_0,APPAREL,APPAREL_1,410470
2012-10-01,CO,CO_0,APPAREL,APPAREL_1,390028
2012-11-01,CO,CO_0,APPAREL,APPAREL_1,397965
2012-12-01,CO,CO_0,APPAREL,APPAREL_1,474707
2013-01-01,CO,CO_0,APPAREL,APPAREL_1,386950
2013-02-01,CO,CO_0,APPAREL,APPAREL_1,381391
2013-03-01,CO,CO_0,APPAREL,APPAREL_1,426834
2013-04-01,CO,CO_0,APPAREL,APPAREL_1,387846
2013-05-01,CO,CO_0,APPAREL,APPAREL_1,419008
2013-06-01,CO,CO_0,APPAREL,APPAREL_1,407299
2013-07-01,CO,CO_0,APPAREL,APPAREL_1,440016
2013-08-01,CO,CO_0,APPAREL,APPAREL_1,434545
2013-09-01,CO,CO_0,APPAREL,APPAREL_1,345108
2013-10-01,CO,CO_0,APPAREL,APPAREL_1,420418
2013-11-01,CO,CO_0,APPAREL,APPAREL_1,423645
2013-12-01,CO,CO_0,APPAREL,APPAREL_1,471462
2014-01-01,CO,CO_0,APPAREL,APPAREL_1,349556
2014-02-01,CO,CO_0,APPAREL,APPAREL_1,331910
2014-03-01,CO,CO_0,APPAREL,APPAREL_1,428536
2014-04-01,CO,CO_0,APPAREL,APPAREL_1,438000
2014-05-01,CO,CO_0,APPAREL,APPAREL_1,457066
2014-06-01,CO,CO_0,APPAREL,APPAREL_1,430931
2014-07-01,CO,CO_0,APPAREL,APPAREL_1,443745
2014-08-01,CO,CO_0,APPAREL,APPAREL_1,444319
2014-09-01,CO,CO_0,APPAREL,APPAREL_1,415852
2014-10-01,CO,CO_0,APPAREL,APPAREL_1,436052
2014-11-01,CO,CO_0,APPAREL,APPAREL_1,447428
2014-12-01,CO,CO_0,APPAREL,APPAREL_1,532654
2015-01-01,CO,CO_0,APPAREL,APPAREL_1,377130
2015-02-01,CO,CO_0,APPAREL,APPAREL_1,423380
2015-03-01,CO,CO_0,APPAREL,APPAREL_1,426665
2015-04-01,CO,CO_0,APPAREL,APPAREL_1,430314
2015-05-01,CO,CO_0,APPAREL,APPAREL_1,487669
2015-06-01,CO,CO_0,APPAREL,APPAREL_1,470852
2015-07-01,CO,CO_0,APPAREL,APPAREL_1,511808
2015-08-01,CO,CO_0,APPAREL,APPAREL_1,421402
2015-09-01,CO,CO_0,APPAREL,APPAREL_1,437158
2015-10-01,CO,CO_0,APPAREL,APPAREL_1,418075
2015-11-01,CO,CO_0,APPAREL,APPAREL_1,447733
2015-12-01,CO,CO_0,APPAREL,APPAREL_1,509596
2016-01-01,CO,CO_0,APPAREL,APPAREL_1,400459
2016-02-01,CO,CO_0,APPAREL,APPAREL_1,422822
2016-03-01,CO,CO_0,APPAREL,APPAREL_1,452976
2016-04-01,CO,CO_0,APPAREL,APPAREL_1,434411
2016-05-01,CO,CO_0,APPAREL,APPAREL_1,487014
2010-01-01,TX,TX_0,APPAREL,APPAREL_1,324903
2010-02-01,TX,TX_0,APPAREL,APPAREL_1,296627
2010-03-01,TX,TX_0,APPAREL,APPAREL_1,372001
2010-04-01,TX,TX_0,APPAREL,APPAREL_1,366487
2010-05-01,TX,TX_0,APPAREL,APPAREL_1,350421
2010-06-01,TX,TX_0,APPAREL,APPAREL_1,343196
2010-07-01,TX,TX_0,APPAREL,APPAREL_1,356675
2010-08-01,TX,TX_0,APPAREL,APPAREL_1,344391
2010-09-01,TX,TX_0,APPAREL,APPAREL_1,354388
2010-10-01,TX,TX_0,APPAREL,APPAREL_1,359779
2010-11-01,TX,TX_0,APPAREL,APPAREL_1,356437
2010-12-01,TX,TX_0,APPAREL,APPAREL_1,467869
2011-01-01,TX,TX_0,APPAREL,APPAREL_1,336728
2011-02-01,TX,TX_0,APPAREL,APPAREL_1,362342
2011-03-01,TX,TX_0,APPAREL,APPAREL_1,384128
2011-04-01,TX,TX_0,APPAREL,APPAREL_1,376290
2011-05-01,TX,TX_0,APPAREL,APPAREL_1,400466
2011-06-01,TX,TX_0,APPAREL,APPAREL_1,391989
2011-07-01,TX,TX_0,APPAREL,APPAREL_1,393896
2011-08-01,TX,TX_0,APPAREL,APPAREL_1,431563
2011-09-01,TX,TX_0,APPAREL,APPAREL_1,382053
2011-10-01,TX,TX_0,APPAREL,APPAREL_1,390998
2011-11-01,TX,TX_0,APPAREL,APPAREL_1,397854
2011-12-01,TX,TX_0,APPAREL,APPAREL_1,445359
2012-01-01,TX,TX_0,APPAREL,APPAREL_1,375603
2012-02-01,TX,TX_0,APPAREL,APPAREL_1,386196
2012-03-01,TX,TX_0,APPAREL,APPAREL_1,404662
2012-04-01,TX,TX_0,APPAREL,APPAREL_1,417959
2012-05-01,TX,TX_0,APPAREL,APPAREL_1,428778
2012-06-01,TX,TX_0,APPAREL,APPAREL_1,389657
2012-07-01,TX,TX_0,APPAREL,APPAREL_1,390198
2012-08-01,TX,TX_0,APPAREL,APPAREL_1,421181
2012-09-01,TX,TX_0,APPAREL,APPAREL_1,405248
2012-10-01,TX,TX_0,APPAREL,APPAREL_1,429786
2012-11-01,TX,TX_0,APPAREL,APPAREL_1,392267
2012-12-01,TX,TX_0,APPAREL,APPAREL_1,440477
2013-01-01,TX,TX_0,APPAREL,APPAREL_1,373120
2013-02-01,TX,TX_0,APPAREL,APPAREL_1,379055
2013-03-01,TX,TX_0,APPAREL,APPAREL_1,428822
2013-04-01,TX,TX_0,APPAREL,APPAREL_1,388007
2013-05-01,TX,TX_0,APPAREL,APPAREL_1,420457
2013-06-01,TX,TX_0,APPAREL,APPAREL_1,400456
2013-07-01,TX,TX_0,APPAREL,APPAREL_1,433013
2013-08-01,TX,TX_0,APPAREL,APPAREL_1,439975
2013-09-01,TX,TX_0,APPAREL,APPAREL_1,387028
2013-10-01,TX,TX_0,APPAREL,APPAREL_1,373333
2013-11-01,TX,TX_0,APPAREL,APPAREL_1,416358
2013-12-01,TX,TX_0,APPAREL,APPAREL_1,484837
2014-01-01,TX,TX_0,APPAREL,APPAREL_1,403477
2014-02-01,TX,TX_0,APPAREL,APPAREL_1,388849
2014-03-01,TX,TX_0,APPAREL,APPAREL_1,415740
2014-04-01,TX,TX_0,APPAREL,APPAREL_1,396023
2014-05-01,TX,TX_0,APPAREL,APPAREL_1,473565
2014-06-01,TX,TX_0,APPAREL,APPAREL_1,458379
2014-07-01,TX,TX_0,APPAREL,APPAREL_1,457856
2014-08-01,TX,TX_0,APPAREL,APPAREL_1,446436
2014-09-01,TX,TX_0,APPAREL,APPAREL_1,411702
2014-10-01,TX,TX_0,APPAREL,APPAREL_1,476388
2014-11-01,TX,TX_0,APPAREL,APPAREL_1,409732
2014-12-01,TX,TX_0,APPAREL,APPAREL_1,493115
2015-01-01,TX,TX_0,APPAREL,APPAREL_1,392672
2015-02-01,TX,TX_0,APPAREL,APPAREL_1,404636
2015-03-01,TX,TX_0,APPAREL,APPAREL_1,441390
2015-04-01,TX,TX_0,APPAREL,APPAREL_1,436254
2015-05-01,TX,TX_0,APPAREL,APPAREL_1,437886
2015-06-01,TX,TX_0,APPAREL,APPAREL_1,445621
2015-07-01,TX,TX_0,APPAREL,APPAREL_1,448163
2015-08-01,TX,TX_0,APPAREL,APPAREL_1,463416
2015-09-01,TX,TX_0,APPAREL,APPAREL_1,423631
2015-10-01,TX,TX_0,APPAREL,APPAREL_1,442586
2015-11-01,TX,TX_0,APPAREL,APPAREL_1,477418
2015-12-01,TX,TX_0,APPAREL,APPAREL_1,524202
2016-01-01,TX,TX_0,APPAREL,APPAREL_1,418533
2016-02-01,TX,TX_0,APPAREL,APPAREL_1,413150
2016-03-01,TX,TX_0,APPAREL,APPAREL_1,457885
2016-04-01,TX,TX_0,APPAREL,APPAREL_1,442259
2016-05-01,TX,TX_0,APPAREL,APPAREL_1,468695
2010-01-01,CA,CA_0,APPAREL,APPAREL_1,311772
2010-02-01,CA,CA_0,APPAREL,APPAREL_1,292260
2010-03-01,CA,CA_0,APPAREL,APPAREL_1,388368
2010-04-01,CA,CA_0,APPAREL,APPAREL_1,363317
2010-05-01,CA,CA_0,APPAREL,APPAREL_1,391379
2010-06-01,CA,CA_0,APPAREL,APPAREL_1,349955
2010-07-01,CA,CA_0,APPAREL,APPAREL_1,327763
2010-08-01,CA,CA_0,APPAREL,APPAREL_1,372795
2010-09-01,CA,CA_0,APPAREL,APPAREL_1,352698
2010-10-01,CA,CA_0,APPAREL,APPAREL_1,372160
2010-11-01,CA,CA_0,APPAREL,APPAREL_1,400127
2010-12-01,CA,CA_0,APPAREL,APPAREL_1,432778
2011-01-01,CA,CA_0,APPAREL,APPAREL_1,359817
2011-02-01,CA,CA_0,APPAREL,APPAREL_1,334293
2011-03-01,CA,CA_0,APPAREL,APPAREL_1,405099
2011-04-01,CA,CA_0,APPAREL,APPAREL_1,394326
2011-05-01,CA,CA_0,APPAREL,APPAREL_1,403995
2011-06-01,CA,CA_0,APPAREL,APPAREL_1,393530
2011-07-01,CA,CA_0,APPAREL,APPAREL_1,383471
2011-08-01,CA,CA_0,APPAREL,APPAREL_1,411421
2011-09-01,CA,CA_0,APPAREL,APPAREL_1,385470
2011-10-01,CA,CA_0,APPAREL,APPAREL_1,378031
2011-11-01,CA,CA_0,APPAREL,APPAREL_1,397419
2011-12-01,CA,CA_0,APPAREL,APPAREL_1,436514
2012-01-01,CA,CA_0,APPAREL,APPAREL_1,351395
2012-02-01,CA,CA_0,APPAREL,APPAREL_1,408140
2012-03-01,CA,CA_0,APPAREL,APPAREL_1,430292
2012-04-01,CA,CA_0,APPAREL,APPAREL_1,379182
2012-05-01,CA,CA_0,APPAREL,APPAREL_1,416649
2012-06-01,CA,CA_0,APPAREL,APPAREL_1,430737
2012-07-01,CA,CA_0,APPAREL,APPAREL_1,389231
2012-08-01,CA,CA_0,APPAREL,APPAREL_1,445979
2012-09-01,CA,CA_0,APPAREL,APPAREL_1,388062
2012-10-01,CA,CA_0,APPAREL,APPAREL_1,410136
2012-11-01,CA,CA_0,APPAREL,APPAREL_1,415987
2012-12-01,CA,CA_0,APPAREL,APPAREL_1,473941
2013-01-01,CA,CA_0,APPAREL,APPAREL_1,368733
2013-02-01,CA,CA_0,APPAREL,APPAREL_1,365402
2013-03-01,CA,CA_0,APPAREL,APPAREL_1,425459
2013-04-01,CA,CA_0,APPAREL,APPAREL_1,407242
2013-05-01,CA,CA_0,APPAREL,APPAREL_1,447502
2013-06-01,CA,CA_0,APPAREL,APPAREL_1,413906
2013-07-01,CA,CA_0,APPAREL,APPAREL_1,426489
2013-08-01,CA,CA_0,APPAREL,APPAREL_1,424757
2013-09-01,CA,CA_0,APPAREL,APPAREL_1,385960
2013-10-01,CA,CA_0,APPAREL,APPAREL_1,421996
2013-11-01,CA,CA_0,APPAREL,APPAREL_1,422338
2013-12-01,CA,CA_0,APPAREL,APPAREL_1,458099
2014-01-01,CA,CA_0,APPAREL,APPAREL_1,410713
2014-02-01,CA,CA_0,APPAREL,APPAREL_1,347897
2014-03-01,CA,CA_0,APPAREL,APPAREL_1,442606
2014-04-01,CA,CA_0,APPAREL,APPAREL_1,413097
2014-05-01,CA,CA_0,APPAREL,APPAREL_1,453161
2014-06-01,CA,CA_0,APPAREL,APPAREL_1,429834
2014-07-01,CA,CA_0,APPAREL,APPAREL_1,420623
2014-08-01,CA,CA_0,APPAREL,APPAREL_1,448456
2014-09-01,CA,CA_0,APPAREL,APPAREL_1,423933
2014-10-01,CA,CA_0,APPAREL,APPAREL_1,412648
2014-11-01,CA,CA_0,APPAREL,APPAREL_1,403398
2014-12-01,CA,CA_0,APPAREL,APPAREL_1,494262
2015-01-01,CA,CA_0,APPAREL,APPAREL_1,358497
2015-02-01,CA,CA_0,APPAREL,APPAREL_1,413990
2015-03-01,CA,CA_0,APPAREL,APPAREL_1,441233
2015-04-01,CA,CA_0,APPAREL,APPAREL_1,423593
2015-05-01,CA,CA_0,APPAREL,APPAREL_1,474903
2015-06-01,CA,CA_0,APPAREL,APPAREL_1,433978
2015-07-01,CA,CA_0,APPAREL,APPAREL_1,430559
2015-08-01,CA,CA_0,APPAREL,APPAREL_1,459440
2015-09-01,CA,CA_0,APPAREL,APPAREL_1,420211
2015-10-01,CA,CA_0,APPAREL,APPAREL_1,467278
2015-11-01,CA,CA_0,APPAREL,APPAREL_1,446686
2015-12-01,CA,CA_0,APPAREL,APPAREL_1,515035
2016-01-01,CA,CA_0,APPAREL,APPAREL_1,397031
2016-02-01,CA,CA_0,APPAREL,APPAREL_1,401944
2016-03-01,CA,CA_0,APPAREL,APPAREL_1,453717
2016-04-01,CA,CA_0,APPAREL,APPAREL_1,437317
2016-05-01,CA,CA_0,APPAREL,APPAREL_1,466636
